Date,Temperature_C,Flow_m3_h,pH,Calcium_mg_L,Alkalinity_mg_L,TDS_mg_L,LSI
2023-01-01 00:00:00,35.25,1190.2,6.794,87.3,180.3,28018,-0.443
2023-01-02 00:00:00,34.94,1204,6.775,90.4,180.8,28002,-0.465
2023-01-03 00:00:00,35.34,1182.9,6.784,88.7,179.7,27900,-0.454
2023-01-04 00:00:00,35.79,1210.1,6.82,90.9,180.7,28014,-0.412
2023-01-05 00:00:00,34.92,1204.5,6.853,90.1,184.8,28119,-0.385
2023-01-06 00:00:00,34.93,1202.3,6.816,88.8,183,27992,-0.425
2023-01-07 00:00:00,35.85,1209.5,6.769,91.1,182.7,27976,-0.463
2023-01-08 00:00:00,35.45,1216.3,6.819,93.7,178.7,28033,-0.416
2023-01-09 00:00:00,34.85,1209.7,6.842,89.8,177.5,28032,-0.399
2023-01-10 00:00:00,35.36,1181.1,6.789,91.6,183,28078,-0.446
2023-01-11 00:00:00,34.87,1186.7,6.804,87.6,182.8,27957,-0.438
2023-01-12 00:00:00,34.88,1193.2,6.809,88.3,184.6,28059,-0.431
2023-01-13 00:00:00,35.24,1199.7,6.786,91.2,178.4,28054,-0.45
2023-01-14 00:00:00,34.17,1204.5,6.83,93.2,179.5,28019,-0.418
2023-01-15 00:00:00,34.28,1192,6.808,91,175.3,28045,-0.439
2023-01-16 00:00:00,34.87,1201.1,6.825,89.7,179,28081,-0.415
2023-01-17 00:00:00,34.65,1191.6,6.786,90.3,183.2,28076,-0.456
2023-01-18 00:00:00,35.33,1193,6.8,87.8,178.9,27977,-0.437
2023-01-19 00:00:00,34.73,1185,6.836,91.6,182.2,28077,-0.405
2023-01-20 00:00:00,34.48,1189.8,6.804,92.1,179.7,28035,-0.44
2023-01-21 00:00:00,35.93,1185.5,6.868,89.5,181.3,28044,-0.362
2023-01-22 00:00:00,35.1,1189.2,6.805,89.5,176.9,28046,-0.433
2023-01-23 00:00:00,35.25,1209.4,6.824,91,180.6,28036,-0.412
2023-01-24 00:00:00,34.52,1189.4,6.846,89.6,171.4,28106,-0.396
2023-01-25 00:00:00,34.97,1225.1,6.777,90.3,179.8,28044,-0.463
2023-01-26 00:00:00,35.31,1203.7,6.767,94.7,175.5,27994,-0.47
2023-01-27 00:00:00,34.68,1200.5,6.775,90,184,28032,-0.467
2023-01-28 00:00:00,35.46,1190.1,6.859,89.8,182.7,28063,-0.375
2023-01-29 00:00:00,34.98,1205.6,6.806,89.3,181.8,28117,-0.432
2023-01-30 00:00:00,35.14,1192.8,6.9,92.1,185,28088,-0.337
2023-01-31 00:00:00,35,1199.7,6.807,90.2,177.6,28017,-0.433
2023-02-01 00:00:00,36.24,1224.1,6.83,89.3,185.7,28186,-0.394
2023-02-02 00:00:00,35.31,1197.4,6.872,93.3,183.3,28077,-0.363
2023-02-03 00:00:00,34.8,1209.8,6.887,93.5,179.8,28130,-0.353
2023-02-04 00:00:00,35.75,1191.3,6.889,89.5,183.9,28060,-0.342
2023-02-05 00:00:00,34.74,1197.9,6.864,87,177.2,28097,-0.376
2023-02-06 00:00:00,35.46,1215.9,6.86,92.7,178.1,28114,-0.374
2023-02-07 00:00:00,34.39,1191.9,6.847,89.4,178.7,28135,-0.396
2023-02-08 00:00:00,34.72,1216.2,6.854,92.3,179,28129,-0.387
2023-02-09 00:00:00,35.49,1205.1,6.815,86.8,177.4,28122,-0.418
2023-02-10 00:00:00,35.77,1192.4,6.807,92.6,184.3,28064,-0.424
2023-02-11 00:00:00,35.5,1204.3,6.833,88.4,179.8,28053,-0.401
2023-02-12 00:00:00,35.36,1207.6,6.828,92.3,181.7,28101,-0.406
2023-02-13 00:00:00,35.28,1204.1,6.821,90.9,178.9,28133,-0.414
2023-02-14 00:00:00,34.7,1182.1,6.856,89,175.2,28077,-0.385
2023-02-15 00:00:00,35.09,1190.5,6.865,90.1,181.5,28143,-0.372
2023-02-16 00:00:00,35.23,1195.2,6.839,92.3,175,28165,-0.395
2023-02-17 00:00:00,36,1196.9,6.882,91.2,180.5,28048,-0.347
2023-02-18 00:00:00,35.65,1203.8,6.804,92.1,176.6,28054,-0.428
2023-02-19 00:00:00,34.61,1199.3,6.833,94.9,186.7,28091,-0.409
2023-02-20 00:00:00,35.66,1184.1,6.818,87.9,183.5,28115,-0.413
2023-02-21 00:00:00,35.32,1201.3,6.785,94.3,181.1,28076,-0.451
2023-02-22 00:00:00,35.18,1203.5,6.839,91.2,184.6,28172,-0.396
2023-02-23 00:00:00,35.84,1202.9,6.839,89.3,178.3,28127,-0.39
2023-02-24 00:00:00,36.06,1208.1,6.889,88.4,182.4,28110,-0.339
2023-02-25 00:00:00,36.02,1205.6,6.863,90.7,181.4,28038,-0.366
2023-02-26 00:00:00,35.14,1201.8,6.814,93,181.6,28046,-0.424
2023-02-27 00:00:00,35.42,1196.4,6.901,90.9,184.7,28128,-0.332
2023-02-28 00:00:00,35.75,1180.5,6.883,94.2,183.1,28009,-0.349
2023-03-01 00:00:00,36.08,1201.3,6.865,88.3,181.8,28169,-0.361
2023-03-02 00:00:00,35.36,1199.1,6.841,91.2,175.9,28112,-0.393
2023-03-03 00:00:00,35.52,1199.7,6.82,88.7,178,28284,-0.409
2023-03-04 00:00:00,35.07,1184.1,6.838,92,180.6,28239,-0.396
2023-03-05 00:00:00,35.03,1186,6.883,93,181.2,28117,-0.354
2023-03-06 00:00:00,36.05,1207.3,6.908,90.4,177.6,28123,-0.319
2023-03-07 00:00:00,36.33,1196.4,6.898,86.1,188.2,28180,-0.325
2023-03-08 00:00:00,35.62,1203.5,6.838,91.7,185.5,28217,-0.391
2023-03-09 00:00:00,36.17,1196.9,6.82,92.2,182.8,28052,-0.407
2023-03-10 00:00:00,35.86,1196.9,6.859,92.2,181.2,28047,-0.372
2023-03-11 00:00:00,35.37,1205.9,6.802,93.9,180.4,28107,-0.432
2023-03-12 00:00:00,35.88,1191.3,6.866,89.3,178.2,28169,-0.362
2023-03-13 00:00:00,36.48,1197.4,6.852,92.8,181.3,28167,-0.37
2023-03-14 00:00:00,35.7,1191.8,6.844,93.8,181.9,28197,-0.385
2023-03-15 00:00:00,36.51,1192,6.811,87.9,177.4,28086,-0.413
2023-03-16 00:00:00,34.43,1193.2,6.875,92.1,182.1,28032,-0.37
2023-03-17 00:00:00,36.16,1198.5,6.844,90.5,180.7,28193,-0.381
2023-03-18 00:00:00,35.8,1191.4,6.826,91.4,175.4,28111,-0.404
2023-03-19 00:00:00,35.62,1208.7,6.775,92.2,178.6,28053,-0.457
2023-03-20 00:00:00,35.83,1187.2,6.862,90.6,179.9,28163,-0.367
2023-03-21 00:00:00,34.8,1194.2,6.916,90.2,186.8,28198,-0.322
2023-03-22 00:00:00,35.69,1191.6,6.914,91.7,182.9,28154,-0.316
2023-03-23 00:00:00,35.99,1210.4,6.851,89.4,177.2,28139,-0.376
2023-03-24 00:00:00,36.56,1197.9,6.848,89.5,182.7,28156,-0.374
2023-03-25 00:00:00,35.57,1206.2,6.88,93,176.6,28147,-0.351
2023-03-26 00:00:00,35.44,1180.9,6.837,89.4,184.5,28101,-0.396
2023-03-27 00:00:00,35.6,1198.4,6.877,93,179.9,28134,-0.354
2023-03-28 00:00:00,36.32,1204.6,6.892,92.6,181,28198,-0.331
2023-03-29 00:00:00,36.03,1196.5,6.906,88.3,185.3,28190,-0.319
2023-03-30 00:00:00,35.62,1206.3,6.867,90.4,177.5,28184,-0.363
2023-03-31 00:00:00,36.15,1190.4,6.865,94.2,177.1,28128,-0.361
2023-04-01 00:00:00,35.95,1209.6,6.846,89.8,179.6,28171,-0.381
2023-04-02 00:00:00,36.39,1218.4,6.848,90.9,184.5,28073,-0.377
2023-04-03 00:00:00,35.57,1191.8,6.867,92.8,176.8,28193,-0.364
2023-04-04 00:00:00,35.77,1190.9,6.885,93.4,172.9,28257,-0.342
2023-04-05 00:00:00,35.74,1209.8,6.903,91.4,180.1,28114,-0.328
2023-04-06 00:00:00,35.22,1211,6.852,90.7,183.1,28161,-0.383
2023-04-07 00:00:00,36.11,1190,6.922,94.8,185,28208,-0.303
2023-04-08 00:00:00,36.1,1190.9,6.869,95.4,180.1,28257,-0.354
2023-04-09 00:00:00,35.98,1192.3,6.878,93.9,180.2,28174,-0.349
2023-04-10 00:00:00,35.87,1181.6,6.857,92.2,184.9,28163,-0.371
2023-04-11 00:00:00,35.29,1185.8,6.807,90.4,175.9,28102,-0.428
2023-04-12 00:00:00,35.8,1184.9,6.907,90.4,180.3,28207,-0.321
2023-04-13 00:00:00,35.85,1187.2,6.904,93.1,182.1,28306,-0.322
2023-04-14 00:00:00,35.63,1194.5,6.874,92.9,182.9,28220,-0.355
2023-04-15 00:00:00,35.96,1197.1,6.885,94.9,180,28207,-0.341
2023-04-16 00:00:00,36.25,1210.3,6.899,93.4,181.7,28226,-0.323
2023-04-17 00:00:00,37,1184.7,6.838,89.1,174.1,28211,-0.378
2023-04-18 00:00:00,36.16,1204.5,6.87,94.2,179.6,28173,-0.355
2023-04-19 00:00:00,36.21,1192.5,6.91,90.2,183,28257,-0.313
2023-04-20 00:00:00,36.05,1194.1,6.85,91.4,178.7,28229,-0.375
2023-04-21 00:00:00,35.14,1201.2,6.897,92.7,181.8,28221,-0.337
2023-04-22 00:00:00,36.1,1183.2,6.848,96.2,183,28173,-0.377
2023-04-23 00:00:00,36.15,1198.2,6.904,98.5,180.7,28289,-0.319
2023-04-24 00:00:00,37.36,1196,6.889,93.5,182.2,28259,-0.322
2023-04-25 00:00:00,36.04,1199.2,6.843,91.9,178.8,28200,-0.383
2023-04-26 00:00:00,36.3,1197.1,6.927,93.4,181.1,28280,-0.294
2023-04-27 00:00:00,36.14,1218.8,6.871,94.1,183.6,28207,-0.354
2023-04-28 00:00:00,35.59,1187.8,6.869,91.7,182.2,28195,-0.361
2023-04-29 00:00:00,36.75,1188.8,6.9,96,180,28198,-0.318
2023-04-30 00:00:00,36.57,1187.8,6.93,92.8,182.5,28149,-0.292
2023-05-01 00:00:00,36.6,1188.4,6.866,93.4,183.9,28264,-0.353
2023-05-02 00:00:00,35.76,1187.6,6.899,93.8,175.7,28150,-0.331
2023-05-03 00:00:00,36.92,1205.8,6.91,93.3,185.3,28183,-0.307
2023-05-04 00:00:00,35.53,1208.1,6.919,94.1,180.8,28142,-0.313
2023-05-05 00:00:00,36.53,1188.1,6.904,91.2,183.1,28244,-0.315
2023-05-06 00:00:00,37.35,1185.4,6.889,91.4,185.5,28242,-0.323
2023-05-07 00:00:00,35.76,1198.4,6.876,90.3,177.8,28236,-0.352
2023-05-08 00:00:00,35.99,1188.1,6.904,93.4,179.8,28202,-0.322
2023-05-09 00:00:00,36.33,1199.9,6.87,94.1,181.1,28197,-0.353
2023-05-10 00:00:00,36.04,1195.6,6.816,93.5,179.6,28281,-0.408
2023-05-11 00:00:00,35.52,1178.3,6.917,95.9,187.2,28232,-0.313
2023-05-12 00:00:00,36.34,1208.9,6.932,92.6,179.4,28278,-0.289
2023-05-13 00:00:00,35.79,1211.4,6.835,94,180.3,28220,-0.393
2023-05-14 00:00:00,36.57,1187.2,6.876,90.5,182.6,28275,-0.343
2023-05-15 00:00:00,35.88,1189.4,6.926,91.9,178.4,28333,-0.299
2023-05-16 00:00:00,37.12,1196.1,6.97,94.1,180.8,28299,-0.243
2023-05-17 00:00:00,35.97,1196.5,6.909,94.4,183,28251,-0.316
2023-05-18 00:00:00,36.21,1199.7,6.888,92.2,181.1,28287,-0.334
2023-05-19 00:00:00,36.79,1213.2,6.905,92.6,181.8,28264,-0.312
2023-05-20 00:00:00,35.77,1191.3,6.952,89.7,180.5,28278,-0.274
2023-05-21 00:00:00,36.51,1185,6.893,92.1,177.6,28264,-0.327
2023-05-22 00:00:00,37.06,1179.2,6.889,94.6,183.1,28274,-0.325
2023-05-23 00:00:00,35.62,1185.6,6.899,94,187.4,28295,-0.329
2023-05-24 00:00:00,36.52,1192.5,6.886,93.9,182.2,28236,-0.334
2023-05-25 00:00:00,36.57,1210.7,6.919,93,182.8,28237,-0.301
2023-05-26 00:00:00,36.84,1187.6,6.965,92.9,184.3,28221,-0.252
2023-05-27 00:00:00,35.84,1194.9,6.926,91.6,178.4,28212,-0.301
2023-05-28 00:00:00,35.81,1192.5,6.91,94.3,187.3,28233,-0.317
2023-05-29 00:00:00,36.74,1204.5,6.91,93.8,182.8,28304,-0.307
2023-05-30 00:00:00,36.64,1217.8,6.872,94,187.1,28253,-0.346
2023-05-31 00:00:00,36.63,1187.2,6.946,91.9,180.1,28326,-0.271
2023-06-01 00:00:00,36.68,1187.6,6.918,88.7,187.7,28304,-0.299
2023-06-02 00:00:00,36.18,1202.8,6.916,95.2,184.6,28206,-0.308
2023-06-03 00:00:00,36.65,1199.2,7.018,92.1,184,28339,-0.199
2023-06-04 00:00:00,36.69,1210.8,6.932,91.4,183,28349,-0.284
2023-06-05 00:00:00,36.19,1198.1,6.901,94.5,181.6,28260,-0.321
2023-06-06 00:00:00,37.49,1188.6,6.912,92.3,185.9,28333,-0.296
2023-06-07 00:00:00,36.81,1198.1,6.96,95.3,182.8,28271,-0.256
2023-06-08 00:00:00,35.98,1203.2,6.93,94.4,176.5,28321,-0.294
2023-06-09 00:00:00,36.92,1200.3,6.884,94.5,179,28255,-0.332
2023-06-10 00:00:00,36.11,1197.1,6.956,90.5,181.8,28230,-0.269
2023-06-11 00:00:00,37,1202.6,6.909,95.6,183.3,28303,-0.305
2023-06-12 00:00:00,37.2,1203.6,6.986,93.8,182.3,28318,-0.226
2023-06-13 00:00:00,36.22,1205.7,6.963,92.5,186.1,28306,-0.259
2023-06-14 00:00:00,37.12,1198.3,6.918,93.6,176.6,28269,-0.296
2023-06-15 00:00:00,36.86,1190.1,6.97,89.7,182.9,28310,-0.245
2023-06-16 00:00:00,37.07,1193.2,6.935,94.1,177,28345,-0.278
2023-06-17 00:00:00,37.62,1203.7,6.959,91.3,184.8,28332,-0.248
2023-06-18 00:00:00,36.56,1183.4,6.949,90.7,182.2,28345,-0.269
2023-06-19 00:00:00,36.31,1195.2,6.91,90.3,183.8,28304,-0.311
2023-06-20 00:00:00,36.26,1187.6,6.917,95.6,180,28399,-0.303
2023-06-21 00:00:00,36.3,1191.7,6.968,92.2,186.4,28283,-0.254
2023-06-22 00:00:00,36.68,1204.2,6.928,96.5,185.7,28368,-0.288
2023-06-23 00:00:00,36.9,1193.3,6.926,92.4,184.3,28405,-0.287
2023-06-24 00:00:00,36.88,1191.8,6.911,90.1,182.2,28372,-0.303
2023-06-25 00:00:00,37.16,1177.7,6.953,91.3,184.4,28340,-0.259
2023-06-26 00:00:00,36.77,1198.7,7.003,96,180.5,28326,-0.213
2023-06-27 00:00:00,37.5,1197.6,6.91,93.2,185.2,28406,-0.297
2023-06-28 00:00:00,36.65,1212.7,6.943,92.5,187.6,28285,-0.275
2023-06-29 00:00:00,38.15,1188,6.986,93.9,185.9,28309,-0.217
2023-06-30 00:00:00,37.11,1193.2,6.942,94.6,180.5,28340,-0.27
2023-07-01 00:00:00,36.38,1193.4,6.958,95.9,183.8,28424,-0.259
2023-07-02 00:00:00,36.28,1206.7,6.914,96.5,178.9,28383,-0.306
2023-07-03 00:00:00,37.07,1189.9,6.959,92.9,184.5,28318,-0.254
2023-07-04 00:00:00,36.73,1193.6,6.942,91,184.1,28352,-0.274
2023-07-05 00:00:00,37.21,1196.8,6.978,92.9,177.2,28339,-0.234
2023-07-06 00:00:00,37.1,1192.6,6.984,94.2,179.3,28337,-0.228
2023-07-07 00:00:00,36.83,1186.2,7.027,91.8,182,28423,-0.186
2023-07-08 00:00:00,36.46,1192.5,6.968,91.8,181.9,28307,-0.251
2023-07-09 00:00:00,36.13,1201.3,6.961,94.5,179.2,28458,-0.259
2023-07-10 00:00:00,36.68,1180.2,6.958,93.7,184,28421,-0.257
2023-07-11 00:00:00,37.34,1191.8,6.942,93.9,183.6,28437,-0.266
2023-07-12 00:00:00,37.03,1183.4,6.964,92.3,182.3,28361,-0.249
2023-07-13 00:00:00,36.31,1202.3,6.946,93.4,180.6,28379,-0.274
2023-07-14 00:00:00,37.03,1175.1,6.96,92,186.1,28316,-0.253
2023-07-15 00:00:00,37.14,1184.7,6.996,95.7,187.9,28364,-0.216
2023-07-16 00:00:00,36.52,1194,6.927,96,181.5,28417,-0.29
2023-07-17 00:00:00,37.05,1205.8,6.992,90.2,181.1,28459,-0.219
2023-07-18 00:00:00,37.01,1189.4,6.998,92.1,184.4,28341,-0.215
2023-07-19 00:00:00,36.42,1184.5,6.956,91,181.9,28380,-0.263
2023-07-20 00:00:00,37.18,1208.8,6.896,92.7,182.6,28392,-0.314
2023-07-21 00:00:00,37.29,1175.5,6.943,93.9,185.2,28332,-0.268
2023-07-22 00:00:00,37.56,1167.9,7.001,91.1,177.3,28434,-0.205
2023-07-23 00:00:00,37.56,1194.3,6.962,92.2,187,28370,-0.245
2023-07-24 00:00:00,36.35,1184.8,6.933,92.1,183.3,28398,-0.285
2023-07-25 00:00:00,36.58,1179.5,6.949,94.5,181.8,28387,-0.268
2023-07-26 00:00:00,37.32,1196.8,6.99,94.3,182.8,28373,-0.219
2023-07-27 00:00:00,37.33,1192.1,6.982,92.7,183,28414,-0.226
2023-07-28 00:00:00,37.34,1184,6.959,94.5,177.9,28405,-0.249
2023-07-29 00:00:00,39.02,1176.7,6.956,93.1,187.6,28399,-0.236
2023-07-30 00:00:00,37.39,1198.2,6.956,93.7,183.3,28384,-0.252
2023-07-31 00:00:00,37.68,1196,6.941,97.6,184.5,28438,-0.263
2023-08-01 00:00:00,37.6,1188.4,7.018,96.9,186,28507,-0.186
2023-08-02 00:00:00,37.46,1207.8,6.961,91.7,180.1,28433,-0.246
2023-08-03 00:00:00,36.98,1178.6,7.008,95.9,184.6,28478,-0.203
2023-08-04 00:00:00,37.53,1174,7.018,95.9,182.4,28360,-0.19
2023-08-05 00:00:00,36.77,1182.3,7.003,92,185.8,28440,-0.211
2023-08-06 00:00:00,37.05,1188.7,6.961,96,176.9,28379,-0.251
2023-08-07 00:00:00,36.94,1191.5,6.987,97.4,183,28362,-0.227
2023-08-08 00:00:00,37.23,1186.6,6.974,92.1,181.5,28401,-0.235
2023-08-09 00:00:00,38.36,1192.5,6.949,92.6,184.6,28500,-0.248
2023-08-10 00:00:00,36.28,1176.4,6.987,96.5,184.7,28490,-0.231
2023-08-11 00:00:00,37.56,1203.3,6.942,95,181.2,28456,-0.263
2023-08-12 00:00:00,36.42,1188,7.014,95.6,181.2,28369,-0.204
2023-08-13 00:00:00,37,1200,6.965,95.2,183,28438,-0.246
2023-08-14 00:00:00,37.79,1192.2,6.986,95.3,180.7,28465,-0.217
2023-08-15 00:00:00,37.29,1193.3,6.989,91.9,185.9,28461,-0.219
2023-08-16 00:00:00,36.73,1194.3,6.974,96.6,182.3,28362,-0.242
2023-08-17 00:00:00,36.92,1193.1,7,96.9,174.7,28411,-0.213
2023-08-18 00:00:00,37.63,1195,6.969,94.1,182.3,28455,-0.236
2023-08-19 00:00:00,36.93,1201.8,7.01,94.5,180.3,28487,-0.201
2023-08-20 00:00:00,37.42,1190.4,6.944,91.6,178.6,28352,-0.264
2023-08-21 00:00:00,37.34,1195.5,6.989,95.7,179.8,28456,-0.218
2023-08-22 00:00:00,37,1187.5,7.045,95.8,183.8,28473,-0.166
2023-08-23 00:00:00,38.41,1202.7,6.957,94.6,187.5,28510,-0.238
2023-08-24 00:00:00,37.67,1181.5,6.968,96.9,184.5,28505,-0.236
2023-08-25 00:00:00,36.35,1206.2,7.004,94.1,181.7,28501,-0.212
2023-08-26 00:00:00,37.46,1187.7,6.995,95.9,184.9,28434,-0.212
2023-08-27 00:00:00,37.05,1173.8,7.001,92.7,182.2,28381,-0.211
2023-08-28 00:00:00,37.82,1189.3,7.006,94.7,181.5,28458,-0.197
2023-08-29 00:00:00,37,1181.2,7.011,94.5,180.1,28530,-0.198
2023-08-30 00:00:00,37.35,1196.4,7.026,95.3,178.4,28552,-0.179
2023-08-31 00:00:00,37.67,1181.4,7.006,94.1,182.5,28520,-0.197
2023-09-01 00:00:00,37.86,1183.4,6.987,94.6,184.1,28507,-0.214
2023-09-02 00:00:00,36.84,1168.9,7.015,96.5,183.4,28507,-0.196
2023-09-03 00:00:00,37.28,1183.2,7.053,94,182.4,28462,-0.155
2023-09-04 00:00:00,37.22,1163.5,6.993,91.7,180.9,28485,-0.215
2023-09-05 00:00:00,37.14,1171.8,6.968,98.4,185.5,28577,-0.239
2023-09-06 00:00:00,38.36,1195.2,7.032,97.7,179.8,28449,-0.166
2023-09-07 00:00:00,37.69,1195.4,6.996,92.4,186.1,28579,-0.206
2023-09-08 00:00:00,36.87,1191.8,6.935,96.4,180.7,28484,-0.277
2023-09-09 00:00:00,37.97,1177.8,7.026,94,181.5,28568,-0.173
2023-09-10 00:00:00,38.58,1186.9,6.986,95.6,179.4,28434,-0.21
2023-09-11 00:00:00,38.05,1187.3,7,95.6,182.3,28535,-0.199
2023-09-12 00:00:00,36.78,1175.7,7.013,94.6,186.7,28471,-0.2
2023-09-13 00:00:00,37.31,1202.3,7.01,93.5,185.4,28439,-0.198
2023-09-14 00:00:00,38.19,1196,7.026,93.7,186.8,28523,-0.172
2023-09-15 00:00:00,37.22,1184.9,6.993,93.3,185.4,28564,-0.214
2023-09-16 00:00:00,37.8,1187.4,7.022,93.5,180.6,28474,-0.181
2023-09-17 00:00:00,37.98,1189.1,6.999,95,182.9,28443,-0.202
2023-09-18 00:00:00,37.14,1166.6,7.03,93.8,181.6,28515,-0.178
2023-09-19 00:00:00,37.58,1184.5,7.027,96.6,187.9,28518,-0.177
2023-09-20 00:00:00,36,1180.1,6.982,98.2,180.3,28551,-0.237
2023-09-21 00:00:00,37.12,1176.8,7.043,94.1,186.6,28573,-0.164
2023-09-22 00:00:00,37.51,1184,6.995,95.8,186.6,28525,-0.209
2023-09-23 00:00:00,37.03,1204.7,7.036,96.3,189.5,28623,-0.171
2023-09-24 00:00:00,38.48,1193.1,7.024,96.3,182.8,28543,-0.171
2023-09-25 00:00:00,36.95,1180.9,7.069,95.5,186.1,28517,-0.141
2023-09-26 00:00:00,37.46,1192.3,7.008,96.8,190.9,28455,-0.199
2023-09-27 00:00:00,37.76,1200.5,7.005,96.3,182.2,28525,-0.197
2023-09-28 00:00:00,38.42,1195.7,7.015,92.9,179.4,28523,-0.18
2023-09-29 00:00:00,36.99,1187,7.008,97.2,178.4,28590,-0.201
2023-09-30 00:00:00,38.3,1179.9,7.042,97.2,186.2,28567,-0.154
2023-10-01 00:00:00,37.74,1193.3,6.97,93.9,178.4,28487,-0.233
2023-10-02 00:00:00,37.25,1190.2,6.988,95.6,183,28557,-0.219
2023-10-03 00:00:00,37.98,1195.2,6.988,96.9,185.4,28584,-0.211
2023-10-04 00:00:00,37.86,1192.6,7.049,95.1,184.7,28628,-0.15
2023-10-05 00:00:00,37.47,1196.6,7.073,97.7,185.4,28598,-0.13
2023-10-06 00:00:00,37.81,1180.7,7.019,100.3,184.8,28594,-0.181
2023-10-07 00:00:00,37.6,1199.2,7.018,94,188,28561,-0.185
2023-10-08 00:00:00,37.86,1188,7.026,92.8,181.3,28579,-0.174
2023-10-09 00:00:00,38.14,1206.7,7.06,96.2,182.2,28624,-0.136
2023-10-10 00:00:00,38.61,1179,6.998,97.1,181.9,28497,-0.196
2023-10-11 00:00:00,37.21,1203.2,7.034,95.2,186.7,28549,-0.173
2023-10-12 00:00:00,38.91,1187.8,7.056,98.6,187,28529,-0.134
2023-10-13 00:00:00,36.87,1179.2,7.043,93,185.6,28589,-0.166
2023-10-14 00:00:00,37.78,1180.9,7.034,97.1,187.8,28634,-0.165
2023-10-15 00:00:00,38.16,1182.4,7.06,94.5,180.8,28544,-0.138
2023-10-16 00:00:00,38.02,1189.8,6.949,99.2,189.3,28456,-0.251
2023-10-17 00:00:00,37.58,1190.8,7.052,99.8,188.9,28557,-0.152
2023-10-18 00:00:00,37.8,1179.8,7.012,94.3,186.6,28626,-0.187
2023-10-19 00:00:00,37.66,1185.2,6.978,94.7,189.7,28609,-0.223
2023-10-20 00:00:00,37.63,1206.8,7.049,97.6,179.4,28605,-0.153
2023-10-21 00:00:00,38.35,1202.6,7.076,95.1,182.8,28572,-0.119
2023-10-22 00:00:00,38.12,1189.7,7.031,95.8,182.2,28524,-0.167
2023-10-23 00:00:00,37.6,1185.6,7.065,96,186.6,28616,-0.137
2023-10-24 00:00:00,38.41,1186.4,7.085,92.1,181.3,28550,-0.11
2023-10-25 00:00:00,38.12,1191.3,7.077,95.9,186.7,28703,-0.118
2023-10-26 00:00:00,38.39,1174.9,7.088,94.6,188.6,28625,-0.106
2023-10-27 00:00:00,38.3,1182.5,7.061,95,186.6,28569,-0.134
2023-10-28 00:00:00,37.59,1168.3,7.042,98.9,185.4,28569,-0.16
2023-10-29 00:00:00,37.73,1188.9,6.993,93.5,181.6,28597,-0.208
2023-10-30 00:00:00,38.39,1191.4,7.034,97.7,182,28592,-0.16
2023-10-31 00:00:00,38.34,1180,7.017,95.5,188.3,28662,-0.176
2023-11-01 00:00:00,38.03,1200.5,7.108,95.5,186.9,28617,-0.089
2023-11-02 00:00:00,38.11,1172.5,7.039,97.7,184.5,28573,-0.159
2023-11-03 00:00:00,38.7,1170.1,7.048,96.8,183.3,28707,-0.14
2023-11-04 00:00:00,37.77,1186.9,7.062,97.3,178.5,28616,-0.138
2023-11-05 00:00:00,38.35,1195.1,7.048,98.1,181.4,28654,-0.146
2023-11-06 00:00:00,37.99,1201.4,7.098,95.5,190.4,28588,-0.1
2023-11-07 00:00:00,37.99,1179.9,7.029,95,180.8,28638,-0.168
2023-11-08 00:00:00,38.66,1195.2,7.055,94,185.2,28638,-0.136
2023-11-09 00:00:00,38.53,1184,7.027,94.6,187.7,28530,-0.167
2023-11-10 00:00:00,38.54,1182.6,7.011,102.2,180.9,28727,-0.179
2023-11-11 00:00:00,38.79,1193.1,7.033,98.8,185.3,28693,-0.155
2023-11-12 00:00:00,38.16,1190.8,7.051,93.6,187.5,28610,-0.145
2023-11-13 00:00:00,38.5,1168.4,7.04,93.7,184.8,28577,-0.154
2023-11-14 00:00:00,38.01,1198.9,7.033,97.3,193.4,28651,-0.164
2023-11-15 00:00:00,38.34,1197.9,7.012,97.5,179.8,28640,-0.182
2023-11-16 00:00:00,38.12,1177.8,7.053,97.5,188,28656,-0.143
2023-11-17 00:00:00,38.25,1188,7.011,95.9,184.3,28650,-0.184
2023-11-18 00:00:00,38.51,1188.9,7.08,96.2,187.1,28667,-0.112
2023-11-19 00:00:00,37.81,1186.5,7.06,97.1,186.2,28716,-0.137
2023-11-20 00:00:00,39.28,1178.3,7.015,96.6,182.6,28674,-0.169
2023-11-21 00:00:00,37.74,1177.1,7.05,92,185.5,28596,-0.151
2023-11-22 00:00:00,37.64,1183.5,7.037,96,179.3,28718,-0.162
2023-11-23 00:00:00,38.84,1195.4,7.07,94.8,186.7,28734,-0.117
2023-11-24 00:00:00,38.67,1189.1,7.102,96.9,185.8,28812,-0.085
2023-11-25 00:00:00,38.59,1179.9,7.006,102.5,186.8,28600,-0.186
2023-11-26 00:00:00,38.6,1191.3,7.067,97.3,188.1,28670,-0.124
2023-11-27 00:00:00,38.29,1155,7.059,96,186.1,28556,-0.137
2023-11-28 00:00:00,37.86,1194.9,7.085,98.5,185.4,28690,-0.113
2023-11-29 00:00:00,38.36,1166,7.072,97.6,182.3,28637,-0.122
2023-11-30 00:00:00,37.99,1179.7,7.044,97.5,182.9,28762,-0.151
2023-12-01 00:00:00,38.83,1172.1,7.058,97.9,188.6,28629,-0.132
2023-12-02 00:00:00,38.28,1170.3,7.044,100.8,189.3,28586,-0.151
2023-12-03 00:00:00,37.95,1194.8,7.101,94.5,184.3,28648,-0.096
2023-12-04 00:00:00,38.21,1178.5,7.07,97.7,185.2,28575,-0.126
2023-12-05 00:00:00,38.59,1186.6,7.127,94.9,182.4,28714,-0.062
2023-12-06 00:00:00,38.11,1182.6,7.069,97.9,188.6,28575,-0.128
2023-12-07 00:00:00,37.99,1187.8,7.051,95,187.1,28681,-0.146
2023-12-08 00:00:00,38.53,1183.7,7.027,96,190.9,28578,-0.166
2023-12-09 00:00:00,38.54,1170.1,7.02,96.2,182.5,28668,-0.172
2023-12-10 00:00:00,38.18,1192.8,7.027,98.8,184,28768,-0.166
2023-12-11 00:00:00,38.2,1177.9,7.083,98.7,185.9,28706,-0.111
2023-12-12 00:00:00,38.57,1167.2,7.091,94.4,187.1,28647,-0.1
2023-12-13 00:00:00,37.74,1178.4,7.029,97,184.5,28690,-0.169
2023-12-14 00:00:00,37.77,1197.7,7.104,95.5,182.6,28695,-0.094
2023-12-15 00:00:00,38.12,1191.1,7.064,94.4,187.9,28720,-0.13
2023-12-16 00:00:00,38.38,1179.1,7.084,96.5,187.4,28630,-0.11
2023-12-17 00:00:00,38.66,1179,7.128,96.4,182.5,28730,-0.06
2023-12-18 00:00:00,39.25,1179.2,7.108,101.9,189.3,28567,-0.078
2023-12-19 00:00:00,38.95,1203.2,7.074,97.9,188.8,28673,-0.114
2023-12-20 00:00:00,38.45,1186.2,7.056,94.3,185.7,28682,-0.136
2023-12-21 00:00:00,38.53,1186.6,7.019,96,185.5,28740,-0.171
2023-12-22 00:00:00,38.05,1192.6,7.062,99.1,187,28711,-0.133
2023-12-23 00:00:00,38.55,1184.6,7.078,101.3,182.8,28642,-0.113
2023-12-24 00:00:00,38.43,1179.6,7.056,94,185.4,28665,-0.136
2023-12-25 00:00:00,38.74,1180.1,7.082,93.4,178.9,28726,-0.106
2023-12-26 00:00:00,38.18,1181.3,7.09,100.9,188,28714,-0.104
2023-12-27 00:00:00,38.86,1181.6,7.081,98,180.7,28691,-0.106
2023-12-28 00:00:00,39.38,1189.2,7.069,95.5,189.9,28698,-0.113
2023-12-29 00:00:00,38.57,1182.4,7.095,98.3,184.4,28759,-0.095
2023-12-30 00:00:00,38.83,1189.2,7.104,92,184.8,28700,-0.084
2023-12-31 00:00:00,38.99,1181,7.058,97.3,183.6,28724,-0.127
2024-01-01 00:00:00,38.45,1182.5,7.134,98,184.6,28838,-0.054
2024-01-02 00:00:00,38.77,1161.7,7.09,99.2,189.7,28661,-0.099
2024-01-03 00:00:00,38.68,1190.8,7.094,95.3,178,28641,-0.096
2024-01-04 00:00:00,38.73,1185.1,7.116,97.5,189.4,28775,-0.072
2024-01-05 00:00:00,38.3,1191.5,7.102,95.5,186.5,28704,-0.091
2024-01-06 00:00:00,38.71,1152.5,7.125,97.9,181.9,28724,-0.064
2024-01-07 00:00:00,38.96,1202.3,7.105,95.6,182.3,28703,-0.081
2024-01-08 00:00:00,39.45,1180,7.079,96.6,190.6,28731,-0.102
2024-01-09 00:00:00,39.21,1192.4,7.109,95.5,182.8,28826,-0.072
2024-01-10 00:00:00,39.82,1170.9,7.065,98.8,182.1,28788,-0.111
2024-01-11 00:00:00,38.37,1187.4,7.103,99.2,189,28793,-0.087
2024-01-12 00:00:00,39.2,1170.7,7.1,97.1,186.7,28681,-0.085
2024-01-13 00:00:00,38.86,1174.9,7.095,97.6,182.8,28696,-0.092
2024-01-14 00:00:00,39.87,1200.2,7.099,94.7,186.3,28614,-0.08
2024-01-15 00:00:00,38.39,1179.1,7.047,97,182.6,28718,-0.145
2024-01-16 00:00:00,38.38,1183.2,7.088,97.5,189,28808,-0.103
2024-01-17 00:00:00,38.51,1189.7,7.108,102.9,188.9,28788,-0.082
2024-01-18 00:00:00,37.76,1185.9,7.11,95.4,187.3,28753,-0.087
2024-01-19 00:00:00,38.57,1182.4,7.076,100.6,186.8,28765,-0.113
2024-01-20 00:00:00,38.46,1184.4,7.145,99.7,191,28734,-0.046
2024-01-21 00:00:00,38.93,1204.8,7.082,98.3,185.8,28780,-0.103
2024-01-22 00:00:00,39.03,1180.1,7.138,101.2,182.2,28810,-0.046
2024-01-23 00:00:00,39.81,1182.7,7.122,98.5,187.2,28693,-0.056
2024-01-24 00:00:00,39.36,1191.1,7.091,98.5,192.1,28791,-0.09
2024-01-25 00:00:00,38.6,1191.6,7.164,97.7,182.8,28825,-0.023
2024-01-26 00:00:00,38.45,1192.4,7.076,100.2,184.8,28759,-0.114
2024-01-27 00:00:00,39.16,1186.8,7.14,100,187.1,28817,-0.042
2024-01-28 00:00:00,38.26,1169,7.144,96.6,185.7,28925,-0.045
2024-01-29 00:00:00,39.85,1196.7,7.094,95.2,182.9,28781,-0.082
2024-01-30 00:00:00,39.53,1168.8,7.157,97.5,189.3,28808,-0.022
2024-01-31 00:00:00,38.72,1183.3,7.108,96.3,192.9,28753,-0.079
2024-02-01 00:00:00,38.1,1172.7,7.125,97.8,186.5,28801,-0.067
2024-02-02 00:00:00,39.65,1179.5,7.125,100.4,183.2,28817,-0.052
2024-02-03 00:00:00,38.92,1183.4,7.114,97,181.3,28806,-0.07
2024-02-04 00:00:00,39.61,1183.3,7.144,97.9,186.8,28747,-0.035
2024-02-05 00:00:00,38.2,1184.2,7.144,98.1,189.3,28810,-0.048
2024-02-06 00:00:00,38.71,1196.1,7.068,99.7,187.4,28875,-0.117
2024-02-07 00:00:00,39.02,1184.4,7.161,93.5,186,28826,-0.023
2024-02-08 00:00:00,39.05,1177.4,7.073,96.8,184.3,28854,-0.11
2024-02-09 00:00:00,38.81,1189.4,7.154,98.5,182.8,28796,-0.032
2024-02-10 00:00:00,39.36,1191.6,7.158,100.5,188.6,28847,-0.022
2024-02-11 00:00:00,38.53,1167.4,7.092,97.1,188.8,28826,-0.096
2024-02-12 00:00:00,39,1185.6,7.113,94.4,181.5,28766,-0.071
2024-02-13 00:00:00,39.14,1186.6,7.093,99.4,190.9,28832,-0.089
2024-02-14 00:00:00,39.35,1176.6,7.121,96.9,187.9,28768,-0.06
2024-02-15 00:00:00,39.46,1193.3,7.119,95.8,190.3,28788,-0.061
2024-02-16 00:00:00,38.55,1177.9,7.152,97,182.1,28831,-0.036
2024-02-17 00:00:00,38.35,1180.7,7.169,97.9,182.1,28839,-0.021
2024-02-18 00:00:00,39.77,1177.6,7.172,97.1,185.7,28767,-0.005
2024-02-19 00:00:00,39.31,1179.5,7.114,93.9,187.7,28881,-0.065
2024-02-20 00:00:00,38.78,1168.3,7.126,100.1,191.6,28859,-0.059
2024-02-21 00:00:00,39.94,1164.8,7.082,100.9,188.4,28797,-0.092
2024-02-22 00:00:00,39.23,1195.1,7.109,99.6,185.5,28757,-0.073
2024-02-23 00:00:00,39.77,1170.6,7.163,96.1,183.2,28829,-0.012
2024-02-24 00:00:00,39.22,1169.1,7.184,98,190,28816,0.002
2024-02-25 00:00:00,40.23,1157.5,7.099,98.4,183.4,28846,-0.072
2024-02-26 00:00:00,40.09,1172.6,7.119,99.6,191.2,28824,-0.054
2024-02-27 00:00:00,39.1,1165.7,7.137,99.8,185.5,28744,-0.047
2024-02-28 00:00:00,39.72,1195.3,7.147,97,191.1,28827,-0.03
2024-02-29 00:00:00,39.56,1188.9,7.115,98.6,188.4,28833,-0.063
2024-03-01 00:00:00,39.93,1171.9,7.153,99.4,186,28882,-0.02
2024-03-02 00:00:00,38.78,1201.2,7.127,101.4,184.8,28817,-0.059
2024-03-03 00:00:00,39.61,1188.5,7.141,99.9,185.4,28938,-0.034
2024-03-04 00:00:00,39.81,1175.4,7.159,100.1,187.7,28760,-0.018
2024-03-05 00:00:00,38.41,1153.6,7.143,98.7,186.7,28924,-0.044
2024-03-06 00:00:00,38.71,1201.4,7.131,101.4,184.7,28849,-0.055
2024-03-07 00:00:00,38.29,1164.6,7.142,99.4,186,28905,-0.047
2024-03-08 00:00:00,39.19,1161.9,7.143,96.9,186.7,28868,-0.038
2024-03-09 00:00:00,39.69,1188.6,7.135,101.5,180.1,28923,-0.039
2024-03-10 00:00:00,40.09,1202.7,7.139,100.1,187.9,28849,-0.033
2024-03-11 00:00:00,39.39,1192.1,7.196,97.8,183.6,28815,0.016
2024-03-12 00:00:00,40.17,1183.8,7.166,97.8,183.1,28943,-0.004
2024-03-13 00:00:00,38.68,1184.1,7.141,99.3,181.5,28868,-0.045
2024-03-14 00:00:00,38.53,1186.6,7.171,99.7,181.2,28887,-0.016
2024-03-15 00:00:00,39.36,1185.6,7.141,99.2,182.5,28940,-0.036
2024-03-16 00:00:00,39.59,1180.8,7.187,99.4,184.5,28828,0.01
2024-03-17 00:00:00,39.39,1179,7.164,102.2,192.5,28912,-0.014
2024-03-18 00:00:00,38.39,1177.3,7.15,101,185.1,28855,-0.039
2024-03-19 00:00:00,39.39,1170.3,7.168,99.2,187.2,28879,-0.011
2024-03-20 00:00:00,38.79,1175,7.108,100.8,187.9,28892,-0.076
2024-03-21 00:00:00,39.78,1160.8,7.122,96.8,187.1,28815,-0.054
2024-03-22 00:00:00,39.64,1176.7,7.121,99.7,186.5,28853,-0.056
2024-03-23 00:00:00,39,1167.8,7.162,102.6,183.1,28962,-0.019
2024-03-24 00:00:00,39.22,1166.6,7.21,98.5,191.1,28940,0.031
2024-03-25 00:00:00,38.96,1179.3,7.226,97.3,192.2,28895,0.044
2024-03-26 00:00:00,39.47,1191.4,7.179,97.7,181.7,28912,0.002
2024-03-27 00:00:00,39.99,1186.6,7.176,96.8,183.7,28887,0.003
2024-03-28 00:00:00,39.03,1161.7,7.108,97.5,185.9,28972,-0.073
2024-03-29 00:00:00,39.78,1167.5,7.146,98.3,183.9,28896,-0.028
2024-03-30 00:00:00,39.27,1186.7,7.14,96.3,188.3,28920,-0.039
2024-03-31 00:00:00,39.15,1167.4,7.145,99.1,184.6,28967,-0.034
2024-04-01 00:00:00,39.51,1175,7.16,100.9,193.3,28873,-0.018
2024-04-02 00:00:00,39.05,1182.7,7.151,97.3,190.4,28992,-0.028
2024-04-03 00:00:00,39.3,1167.4,7.107,102.2,187.5,28839,-0.073
2024-04-04 00:00:00,38.99,1178.1,7.19,100.2,190,28999,0.01
2024-04-05 00:00:00,40.58,1163.7,7.136,101.3,190.2,28901,-0.03
2024-04-06 00:00:00,39.63,1170.9,7.176,97.9,185.2,28910,0
2024-04-07 00:00:00,39.27,1180.1,7.232,100.9,184.5,28829,0.051
2024-04-08 00:00:00,39.74,1160.9,7.143,97.1,187.2,28903,-0.032
2024-04-09 00:00:00,39.58,1181.2,7.095,101.1,189.5,28876,-0.081
2024-04-10 00:00:00,39.54,1176.6,7.163,99.6,187.4,28900,-0.013
2024-04-11 00:00:00,39.97,1182.2,7.206,100.4,182.3,28925,0.034
2024-04-12 00:00:00,40.05,1178.9,7.232,97,184.6,28982,0.062
2024-04-13 00:00:00,39.41,1190.2,7.138,97.6,186.8,28946,-0.039
2024-04-14 00:00:00,39.4,1177.8,7.19,100.6,186.8,28953,0.013
2024-04-15 00:00:00,39.56,1172.2,7.162,97.5,193,28885,-0.015
2024-04-16 00:00:00,38.56,1177.7,7.174,100.3,182.9,28898,-0.013
2024-04-17 00:00:00,38.96,1181.8,7.257,96.7,188.6,29034,0.077
2024-04-18 00:00:00,40.41,1176.8,7.133,101.2,191.6,28909,-0.034
2024-04-19 00:00:00,40.56,1176.7,7.187,97,193.9,29031,0.023
2024-04-20 00:00:00,39.63,1169.2,7.194,100.6,185.9,28938,0.019
2024-04-21 00:00:00,40.05,1169.6,7.213,100.8,188.6,28952,0.043
2024-04-22 00:00:00,39.93,1162.1,7.185,98.1,188.9,29008,0.014
2024-04-23 00:00:00,41.32,1193.6,7.192,100.7,187.8,29020,0.035
2024-04-24 00:00:00,40.35,1163.6,7.171,100.1,186.9,28952,0.004
2024-04-25 00:00:00,39.74,1169.1,7.192,98.5,188.5,28941,0.018
2024-04-26 00:00:00,39.33,1168.8,7.175,97.6,179.6,28959,-0.003
2024-04-27 00:00:00,39.02,1184.8,7.204,95.7,189.3,28981,0.024
2024-04-28 00:00:00,39.93,1172.9,7.175,100.4,187.6,29011,0.005
2024-04-29 00:00:00,39.46,1188.3,7.199,96.6,186.6,28968,0.022
2024-04-30 00:00:00,39.14,1169,7.187,99.9,193.4,29001,0.009
2024-05-01 00:00:00,39.54,1178.5,7.223,99.2,185.3,29054,0.049
2024-05-02 00:00:00,39.33,1167.3,7.188,101.1,186.1,28993,0.011
2024-05-03 00:00:00,40.72,1197.1,7.137,99.2,193.3,28992,-0.026
2024-05-04 00:00:00,40.33,1163.7,7.229,99.1,184.8,28902,0.06
2024-05-05 00:00:00,39.9,1178.6,7.165,101.3,185.7,28848,-0.009
2024-05-06 00:00:00,40.65,1181.8,7.173,100.5,186.9,29001,0.01
2024-05-07 00:00:00,39.96,1179.5,7.176,100.5,189.9,28979,0.005
2024-05-08 00:00:00,39.5,1173.5,7.236,100.8,188,28960,0.06
2024-05-09 00:00:00,40.7,1174,7.131,96.8,183.5,29000,-0.032
2024-05-10 00:00:00,40.22,1175.7,7.29,101.4,185.8,28987,0.122
2024-05-11 00:00:00,39.44,1173.7,7.228,101.1,185.6,29048,0.054
2024-05-12 00:00:00,39.87,1184.8,7.204,97.9,187.2,28998,0.033
2024-05-13 00:00:00,39.54,1197.2,7.197,99.5,188.7,28959,0.021
2024-05-14 00:00:00,39.3,1169.5,7.208,99.9,188.7,29048,0.032
2024-05-15 00:00:00,40.46,1161.3,7.216,99.7,182.2,28989,0.05
2024-05-16 00:00:00,40.96,1174.1,7.22,100.7,190.7,29028,0.06
2024-05-17 00:00:00,39.32,1200.7,7.218,102.9,188.3,28980,0.041
2024-05-18 00:00:00,40.31,1166.8,7.205,102.2,191.7,28974,0.038
2024-05-19 00:00:00,39.71,1191.2,7.197,97.5,188.9,29012,0.025
2024-05-20 00:00:00,39.81,1191.5,7.199,101.3,190.9,29011,0.028
2024-05-21 00:00:00,39.76,1169.2,7.199,102.8,189,29036,0.027
2024-05-22 00:00:00,39.64,1180.3,7.24,100.9,191.6,29001,0.066
2024-05-23 00:00:00,40.1,1190.9,7.224,102.3,189.2,28924,0.054
2024-05-24 00:00:00,39.67,1170.8,7.119,104.2,187.3,28996,-0.054
2024-05-25 00:00:00,40.24,1172.5,7.228,102.2,194.5,29060,0.061
2024-05-26 00:00:00,40.08,1168.6,7.215,100.7,190.3,29007,0.046
2024-05-27 00:00:00,40,1164.3,7.209,102.3,189.4,29012,0.039
2024-05-28 00:00:00,39.68,1167.9,7.199,100.5,183.9,29075,0.027
2024-05-29 00:00:00,39.85,1162.1,7.245,100.3,183.8,28992,0.073
2024-05-30 00:00:00,40.53,1174.6,7.24,99.6,188.6,28953,0.075
2024-05-31 00:00:00,40.41,1166.5,7.19,103.4,188.2,29024,0.024
2024-06-01 00:00:00,39.68,1176.5,7.226,98.7,185.9,29010,0.053
2024-06-02 00:00:00,40.23,1158.5,7.185,103.4,188.2,28988,0.017
2024-06-03 00:00:00,40.57,1177.4,7.174,101.4,192.6,29029,0.01
2024-06-04 00:00:00,39.37,1182.3,7.197,97.6,189.9,29065,0.022
2024-06-05 00:00:00,40.48,1154,7.243,101.2,184.4,29042,0.078
2024-06-06 00:00:00,39.89,1177.6,7.246,96.2,187.5,29059,0.076
2024-06-07 00:00:00,40.52,1186.1,7.234,101.7,185.4,29137,0.072
2024-06-08 00:00:00,39.86,1161.7,7.241,102.3,186.7,29031,0.07
2024-06-09 00:00:00,39.35,1190.5,7.235,99.3,186.6,29064,0.06
2024-06-10 00:00:00,39.45,1177.9,7.202,100.8,186.5,29027,0.027
2024-06-11 00:00:00,40.29,1166.6,7.235,104.4,184.1,29012,0.068
2024-06-12 00:00:00,40.41,1173,7.246,99.5,187.5,29027,0.081
2024-06-13 00:00:00,39.84,1179.1,7.246,98.5,186.3,29034,0.075
2024-06-14 00:00:00,40.62,1174.3,7.26,103.6,179.2,29078,0.097
2024-06-15 00:00:00,39.48,1178.8,7.246,104.5,194.1,29179,0.074
2024-06-16 00:00:00,40.29,1164.2,7.236,100.6,191.2,29028,0.07
2024-06-17 00:00:00,39.72,1175,7.259,102.7,186.9,29045,0.087
2024-06-18 00:00:00,40.01,1159.2,7.226,103.4,188.1,29065,0.058
2024-06-19 00:00:00,40.37,1172.1,7.202,99.2,184.5,29090,0.037
2024-06-20 00:00:00,39.93,1164.2,7.224,99.7,193.1,29085,0.055
2024-06-21 00:00:00,40.18,1165.8,7.207,103.2,193.7,29138,0.042
2024-06-22 00:00:00,40.88,1185.5,7.21,104.1,188.5,28955,0.048
2024-06-23 00:00:00,40.1,1184,7.227,101.9,191.2,28959,0.057
2024-06-24 00:00:00,40.82,1179.1,7.208,99,188.6,29055,0.048
2024-06-25 00:00:00,39.85,1162,7.224,104.8,184.1,29137,0.055
2024-06-26 00:00:00,40.68,1169.7,7.177,99.8,186.9,29006,0.014
2024-06-27 00:00:00,41.15,1185,7.241,100.2,188.5,28936,0.081
2024-06-28 00:00:00,39.2,1174.2,7.235,101.6,186.8,29117,0.06
2024-06-29 00:00:00,40.05,1195.9,7.211,104,187.5,29102,0.044
2024-06-30 00:00:00,40.75,1176.6,7.257,102.6,187.9,29037,0.095
2024-07-01 00:00:00,40.37,1174.6,7.266,101.8,188,29045,0.1
2024-07-02 00:00:00,40.67,1169.5,7.19,101.9,188.4,29048,0.028
2024-07-03 00:00:00,40.19,1173.9,7.216,101.1,185.1,29104,0.05
2024-07-04 00:00:00,40.54,1171,7.217,102.1,186.1,29069,0.054
2024-07-05 00:00:00,40.43,1179.5,7.213,96,184.4,29127,0.049
2024-07-06 00:00:00,41.1,1182,7.266,100.4,191.2,28961,0.107
2024-07-07 00:00:00,40.66,1164.5,7.237,101.5,182,29063,0.074
2024-07-08 00:00:00,40.71,1159,7.235,98.8,191.8,29052,0.073
2024-07-09 00:00:00,40.34,1153.9,7.184,101.9,192.5,29097,0.019
2024-07-10 00:00:00,40.32,1177.3,7.264,100.7,187.4,29085,0.099
2024-07-11 00:00:00,40.35,1161.1,7.208,104.7,180.5,29154,0.045
2024-07-12 00:00:00,40.78,1150.6,7.248,104.3,187.3,29023,0.086
2024-07-13 00:00:00,40.38,1175.9,7.256,100.2,188.2,29120,0.092
2024-07-14 00:00:00,40.74,1196.9,7.289,100.9,185.4,29148,0.129
2024-07-15 00:00:00,41.65,1171.9,7.21,101.1,186.9,29215,0.06
2024-07-16 00:00:00,41.06,1180.3,7.159,100.3,193,29100,0.002
2024-07-17 00:00:00,40.47,1172.7,7.256,101.7,190.4,29142,0.093
2024-07-18 00:00:00,41.24,1170.8,7.305,99.8,185.7,29038,0.148
2024-07-19 00:00:00,40.45,1180.9,7.289,99,183.7,29010,0.124
2024-07-20 00:00:00,39.64,1168.8,7.259,102.6,187.5,29174,0.089
2024-07-21 00:00:00,40.17,1174.3,7.239,102.6,187.9,29134,0.073
2024-07-22 00:00:00,39.74,1174.8,7.279,99.8,190,29195,0.11
2024-07-23 00:00:00,40.51,1164.9,7.226,103.2,186.9,29069,0.063
2024-07-24 00:00:00,40.71,1181.4,7.27,100.1,190.1,29166,0.111
2024-07-25 00:00:00,41.55,1169.7,7.272,101.9,194.4,29235,0.122
2024-07-26 00:00:00,40.88,1163.8,7.289,103.1,191,29165,0.132
2024-07-27 00:00:00,40.62,1176.7,7.341,101.4,188.5,29160,0.181
2024-07-28 00:00:00,41.15,1162.3,7.271,102.4,188.1,29148,0.115
2024-07-29 00:00:00,39.64,1171.5,7.245,100.5,187.6,29071,0.073
2024-07-30 00:00:00,40.88,1171.1,7.26,101.1,192.2,29220,0.103
2024-07-31 00:00:00,41.16,1182,7.209,101.1,186.8,29123,0.053
2024-08-01 00:00:00,40.04,1175.8,7.242,100.1,188.8,29181,0.076
2024-08-02 00:00:00,41.36,1170.8,7.251,101.2,188.8,29080,0.096
2024-08-03 00:00:00,40.97,1179.2,7.248,98.5,187.2,29101,0.09
2024-08-04 00:00:00,40.6,1184.9,7.269,100.6,184.6,29234,0.11
2024-08-05 00:00:00,41.14,1176.5,7.241,101.1,189.7,29147,0.085
2024-08-06 00:00:00,41.97,1171,7.3,101.1,188.6,29239,0.154
2024-08-07 00:00:00,40.93,1157.7,7.267,101.2,190.3,29164,0.11
2024-08-08 00:00:00,40.97,1160.1,7.268,101.6,187.2,29078,0.109
2024-08-09 00:00:00,40.63,1167.6,7.259,102.7,192.5,29217,0.1
2024-08-10 00:00:00,40.45,1164.6,7.274,103.5,186.2,29145,0.112
2024-08-11 00:00:00,41.3,1168.7,7.295,100.5,194,29211,0.142
2024-08-12 00:00:00,40.46,1171.1,7.245,99.4,183.6,29179,0.083
2024-08-13 00:00:00,40.94,1175.8,7.252,99.7,190.2,29103,0.094
2024-08-14 00:00:00,40.67,1169.7,7.264,100.8,190.3,29190,0.104
2024-08-15 00:00:00,41.16,1175.3,7.233,101.1,186.5,29294,0.081
2024-08-16 00:00:00,41.1,1171,7.25,100.3,190.2,29211,0.095
2024-08-17 00:00:00,41.46,1150.5,7.261,99.3,192.7,29185,0.109
2024-08-18 00:00:00,40.69,1160.9,7.302,101,182.3,29244,0.144
2024-08-19 00:00:00,40.83,1168.8,7.285,102.3,190.4,29203,0.127
2024-08-20 00:00:00,40.48,1158.1,7.283,103.1,181.5,29204,0.122
2024-08-21 00:00:00,40.76,1176.1,7.304,100.8,186.1,29141,0.144
2024-08-22 00:00:00,41.18,1185.4,7.275,101.2,193.9,29210,0.121
2024-08-23 00:00:00,41.38,1182.2,7.292,100.1,187.3,29252,0.141
2024-08-24 00:00:00,40.55,1167.8,7.278,102,185.5,29160,0.116
2024-08-25 00:00:00,41.45,1184.8,7.29,100.3,188.4,29275,0.14
2024-08-26 00:00:00,41.71,1171.3,7.265,103.2,195.2,29201,0.116
2024-08-27 00:00:00,41.25,1166.4,7.21,98.5,183.6,29164,0.056
2024-08-28 00:00:00,41.99,1163.6,7.28,101.4,185.9,29260,0.135
2024-08-29 00:00:00,40.67,1166.7,7.327,102.7,193.6,29198,0.168
2024-08-30 00:00:00,40.45,1165.8,7.313,102.5,194.7,29252,0.153
2024-08-31 00:00:00,40.19,1171.3,7.315,107.5,188.8,29201,0.151
2024-09-01 00:00:00,41.84,1171.2,7.324,102.9,185.4,29215,0.177
2024-09-02 00:00:00,41.43,1169.5,7.291,100.2,195.4,29245,0.14
2024-09-03 00:00:00,41.08,1173.8,7.295,102,193.9,29237,0.14
2024-09-04 00:00:00,41.26,1181.3,7.271,98.7,191.2,29124,0.116
2024-09-05 00:00:00,40.57,1178.8,7.281,102.1,186.8,29170,0.12
2024-09-06 00:00:00,42.36,1154.5,7.31,100.6,189.1,29274,0.169
2024-09-07 00:00:00,41.21,1143.7,7.328,104.1,188.7,29223,0.175
2024-09-08 00:00:00,41.21,1178.5,7.289,101.2,190.2,29206,0.135
2024-09-09 00:00:00,41.53,1155.5,7.28,102.1,193.6,29166,0.129
2024-09-10 00:00:00,41.42,1166.9,7.294,101.1,191.9,29182,0.142
2024-09-11 00:00:00,41.3,1157.3,7.313,105.9,186.1,29137,0.159
2024-09-12 00:00:00,40.8,1151,7.253,101.8,193.4,29235,0.095
2024-09-13 00:00:00,41.45,1174.4,7.228,106.1,190.3,29212,0.077
2024-09-14 00:00:00,42.16,1176.5,7.281,104.1,191.4,29196,0.137
2024-09-15 00:00:00,41.9,1163.1,7.262,103.4,193.7,29243,0.116
2024-09-16 00:00:00,42.04,1142.9,7.284,103.2,186,29266,0.14
2024-09-17 00:00:00,40.99,1163.3,7.296,103.3,189.3,29355,0.143
2024-09-18 00:00:00,40.77,1172.6,7.287,98.7,187.8,29176,0.128
2024-09-19 00:00:00,41.21,1153.9,7.345,102,184.7,29312,0.193
2024-09-20 00:00:00,41.31,1170.4,7.312,104.3,190.5,29305,0.161
2024-09-21 00:00:00,41.84,1168.4,7.312,102.5,197,29219,0.165
2024-09-22 00:00:00,40.45,1174.3,7.323,99.8,183.9,29270,0.163
2024-09-23 00:00:00,42.07,1169.6,7.271,102.5,189.4,29239,0.126
2024-09-24 00:00:00,41.24,1158.7,7.337,106,191.4,29273,0.185
2024-09-25 00:00:00,41.12,1180.3,7.304,105.2,189.9,29341,0.152
2024-09-26 00:00:00,40.83,1166.7,7.327,102.6,189.2,29298,0.172
2024-09-27 00:00:00,40.52,1168,7.276,104.6,185.6,29295,0.117
2024-09-28 00:00:00,41.77,1158.9,7.262,102,190.2,29250,0.115
2024-09-29 00:00:00,41.41,1163.7,7.334,99.3,187.3,29200,0.182
2024-09-30 00:00:00,40.74,1159.3,7.322,100.9,183,29266,0.164
2024-10-01 00:00:00,40.74,1166.3,7.284,105.9,193.2,29338,0.128
2024-10-02 00:00:00,41.23,1185.1,7.286,102.3,192.5,29204,0.132
2024-10-03 00:00:00,42.24,1154.2,7.347,102.3,189.8,29229,0.204
2024-10-04 00:00:00,41.29,1151.8,7.278,102.2,190.3,29290,0.127
2024-10-05 00:00:00,40.68,1182.6,7.364,106.7,192.9,29237,0.205
2024-10-06 00:00:00,41.32,1165.7,7.288,106.1,190.3,29248,0.136
2024-10-07 00:00:00,41.31,1161.1,7.335,107.3,192.4,29269,0.184
2024-10-08 00:00:00,40.11,1178.1,7.307,102.6,188.8,29224,0.143
2024-10-09 00:00:00,41.44,1161.6,7.336,103.5,193.6,29245,0.185
2024-10-10 00:00:00,41.36,1185.9,7.302,99.9,190.7,29331,0.152
2024-10-11 00:00:00,41.84,1174.3,7.314,105.9,190.3,29233,0.167
2024-10-12 00:00:00,42.42,1162.6,7.321,100.7,185.9,29220,0.18
2024-10-13 00:00:00,42.07,1189,7.291,103.5,190.6,29270,0.147
2024-10-14 00:00:00,41.39,1161.3,7.344,100.8,187.3,29341,0.194
2024-10-15 00:00:00,40.98,1174.8,7.307,101.9,187.9,29296,0.153
2024-10-16 00:00:00,42.83,1170.3,7.316,101.4,187.4,29285,0.18
2024-10-17 00:00:00,41.58,1180.3,7.294,101.9,186.6,29312,0.146
2024-10-18 00:00:00,41.57,1182.8,7.248,102,196.2,29225,0.098
2024-10-19 00:00:00,41.56,1167.5,7.32,102,193.8,29339,0.172
2024-10-20 00:00:00,41.68,1159.6,7.399,104.8,195.6,29335,0.252
2024-10-21 00:00:00,41.52,1171.6,7.351,101,186.2,29298,0.202
2024-10-22 00:00:00,41.31,1160.2,7.327,103.6,190.1,29370,0.178
2024-10-23 00:00:00,41.34,1187.1,7.321,105.7,186,29266,0.17
2024-10-24 00:00:00,41.6,1168.3,7.33,102.2,187.8,29380,0.184
2024-10-25 00:00:00,41.36,1163.2,7.347,101.8,187.2,29334,0.197
2024-10-26 00:00:00,41.28,1168.6,7.296,102.8,193.7,29311,0.145
2024-10-27 00:00:00,41.7,1153.3,7.365,105.7,188.8,29329,0.219
2024-10-28 00:00:00,41.53,1157,7.354,103.7,193.2,29327,0.206
2024-10-29 00:00:00,42.42,1178.7,7.355,102.3,191.8,29395,0.217
2024-10-30 00:00:00,40.35,1160,7.348,104.3,196.9,29282,0.187
2024-10-31 00:00:00,42.24,1156.1,7.336,101.2,185.6,29300,0.194
2024-11-01 00:00:00,42.32,1171.9,7.356,104.8,193.8,29392,0.217
2024-11-02 00:00:00,40.67,1178.3,7.355,104.2,193.5,29312,0.198
2024-11-03 00:00:00,41.55,1173.6,7.327,102.8,187.2,29389,0.18
2024-11-04 00:00:00,41.54,1176.3,7.321,101.8,193.1,29431,0.175
2024-11-05 00:00:00,41.04,1158.7,7.342,101.7,191.1,29328,0.189
2024-11-06 00:00:00,41.36,1152,7.386,104.6,189.4,29384,0.238
2024-11-07 00:00:00,41.2,1181.2,7.304,106,187.7,29294,0.152
2024-11-08 00:00:00,42.65,1162.9,7.298,102.3,188,29392,0.162
2024-11-09 00:00:00,42.25,1163.6,7.347,104.5,196.3,29366,0.207
2024-11-10 00:00:00,42.43,1179.3,7.345,99.4,190.2,29382,0.207
2024-11-11 00:00:00,42.16,1171.6,7.349,102.4,192.5,29328,0.207
2024-11-12 00:00:00,41.25,1170.5,7.352,103.6,187.8,29279,0.2
2024-11-13 00:00:00,41.56,1187.6,7.339,101.8,187.9,29389,0.192
2024-11-14 00:00:00,42.07,1159.4,7.391,101.8,193.5,29263,0.247
2024-11-15 00:00:00,41.23,1175.1,7.299,102.3,186.2,29352,0.149
2024-11-16 00:00:00,42.21,1166.3,7.323,104.3,189,29417,0.184
2024-11-17 00:00:00,41.74,1168.4,7.346,103.3,190.4,29382,0.201
2024-11-18 00:00:00,41.68,1180.9,7.3,99.3,190.6,29471,0.157
2024-11-19 00:00:00,42.24,1170.7,7.345,99.5,189.8,29427,0.206
2024-11-20 00:00:00,42.11,1170.9,7.401,102.6,191.5,29345,0.259
2024-11-21 00:00:00,41.72,1176.2,7.353,104.7,192.4,29381,0.207
2024-11-22 00:00:00,42.49,1161.8,7.36,98.3,192.6,29380,0.222
2024-11-23 00:00:00,41.38,1157,7.316,102.8,187.4,29305,0.166
2024-11-24 00:00:00,42.24,1154.9,7.336,102.8,189.5,29339,0.195
2024-11-25 00:00:00,42.24,1145.6,7.344,106.7,194,29360,0.204
2024-11-26 00:00:00,41.8,1185.8,7.346,103.1,193.1,29288,0.2
2024-11-27 00:00:00,42.12,1154.2,7.395,104.7,186.3,29394,0.254
2024-11-28 00:00:00,41.34,1162.9,7.374,104.2,191.5,29382,0.225
2024-11-29 00:00:00,42.44,1162.3,7.325,99.7,184.5,29312,0.186
2024-11-30 00:00:00,41.9,1168.1,7.367,105.5,190.6,29418,0.224
2024-12-01 00:00:00,41.74,1173.2,7.375,104.4,196.2,29436,0.231
2024-12-02 00:00:00,42.53,1173.6,7.395,105,187.7,29413,0.259
2024-12-03 00:00:00,41.67,1159.1,7.409,111.9,188,29388,0.263
2024-12-04 00:00:00,41.33,1163.2,7.332,99.9,192.8,29436,0.184
2024-12-05 00:00:00,41.26,1167.6,7.339,107.5,185.9,29442,0.19
2024-12-06 00:00:00,42.35,1162.3,7.326,103.5,188.7,29425,0.188
2024-12-07 00:00:00,41.42,1180.8,7.358,104.7,192.4,29371,0.209
2024-12-08 00:00:00,42.95,1169.6,7.38,104,188.7,29428,0.248
2024-12-09 00:00:00,41.04,1171.9,7.396,103.3,189.9,29476,0.246
2024-12-10 00:00:00,42.94,1171.2,7.365,103,192.9,29388,0.232
2024-12-11 00:00:00,42.21,1176.2,7.358,104.9,191.9,29525,0.221
2024-12-12 00:00:00,42.06,1166.3,7.373,101.2,191.5,29396,0.232
2024-12-13 00:00:00,41.85,1151.4,7.345,105.7,189.7,29426,0.202
2024-12-14 00:00:00,42.33,1168.3,7.433,103.4,191.8,29392,0.294
2024-12-15 00:00:00,42.12,1157.8,7.323,102,190.3,29439,0.183
2024-12-16 00:00:00,42.7,1159,7.378,103.4,192.1,29343,0.241
2024-12-17 00:00:00,42.22,1170.1,7.434,106.8,189.2,29405,0.294
2024-12-18 00:00:00,42.25,1176.5,7.374,103.3,190.2,29379,0.234
2024-12-19 00:00:00,42,1164.3,7.369,105.1,187.8,29443,0.228
2024-12-20 00:00:00,42.16,1167.1,7.364,102.9,190.7,29488,0.226
2024-12-21 00:00:00,42.35,1181,7.371,105.9,188.4,29472,0.234
2024-12-22 00:00:00,41.35,1166.4,7.418,105.8,187.5,29323,0.268
2024-12-23 00:00:00,41.55,1189.9,7.311,108.1,191.6,29546,0.168
2024-12-24 00:00:00,42.6,1169.5,7.424,104.1,191.5,29461,0.29
2024-12-25 00:00:00,42.33,1146.2,7.336,105.8,193.2,29409,0.198
2024-12-26 00:00:00,42.16,1171.3,7.372,104.7,189.6,29458,0.233
2024-12-27 00:00:00,42.27,1167.5,7.368,107.1,192.1,29461,0.23
2024-12-28 00:00:00,42.44,1176.5,7.399,103.1,192.6,29421,0.262
2024-12-29 00:00:00,42.01,1170.3,7.334,106.1,192.3,29466,0.194
2024-12-30 00:00:00,41.9,1162.2,7.397,104.2,188.5,29428,0.255
2024-12-31 00:00:00,42.4,1151.3,7.445,104.5,191.4,29440,0.308
